date,dailyCases,newDeaths28DaysByDeathDate,dailyFirstDoseByVaccinationDate,dailySecondDoseByVaccinationDate,dailyThirdInjectionByVaccinationDate,VaccineRegisterPopulationByVaccinationDate,newVirusTestsBySpecimenDate,newPCRTestsBySpecimenDate
2022-08-30,5.0,,,7.0,15.0,134974.0,283,1
2022-08-29,8.0,0.0,,0.0,1.0,134974.0,290,0
2022-08-28,7.0,0.0,,5.0,11.0,134974.0,167,4
2022-08-27,8.0,0.0,,7.0,1.0,134974.0,183,29
2022-08-26,13.0,0.0,1.0,9.0,10.0,134974.0,254,6
2022-08-25,7.0,0.0,1.0,11.0,12.0,134974.0,397,54
2022-08-24,9.0,0.0,4.0,5.0,15.0,134974.0,478,203
2022-08-23,12.0,1.0,1.0,2.0,6.0,134974.0,487,175
2022-08-22,18.0,1.0,2.0,4.0,4.0,134974.0,694,220
2022-08-21,14.0,0.0,2.0,1.0,10.0,134974.0,367,148
2022-08-20,11.0,0.0,1.0,4.0,12.0,134974.0,386,183
2022-08-19,8.0,0.0,6.0,12.0,17.0,134974.0,464,171
2022-08-18,22.0,0.0,6.0,9.0,29.0,134974.0,632,243
2022-08-17,19.0,0.0,3.0,8.0,8.0,134974.0,533,205
2022-08-16,13.0,0.0,1.0,3.0,9.0,134974.0,551,207
2022-08-15,19.0,0.0,1.0,2.0,3.0,134974.0,733,197
2022-08-14,19.0,0.0,0.0,2.0,10.0,134974.0,429,177
2022-08-13,22.0,1.0,1.0,0.0,1.0,134974.0,470,280
2022-08-12,31.0,0.0,1.0,6.0,18.0,134974.0,552,226
2022-08-11,28.0,2.0,2.0,3.0,13.0,134974.0,756,286
2022-08-10,22.0,1.0,2.0,3.0,9.0,134974.0,627,203
2022-08-09,21.0,0.0,1.0,4.0,12.0,134974.0,644,270
2022-08-08,24.0,2.0,1.0,4.0,9.0,134974.0,747,197
2022-08-07,17.0,0.0,0.0,2.0,18.0,134974.0,429,162
2022-08-06,17.0,0.0,1.0,6.0,9.0,134974.0,539,237
2022-08-05,13.0,1.0,0.0,17.0,16.0,134974.0,667,249
2022-08-04,30.0,0.0,2.0,7.0,15.0,134974.0,729,219
2022-08-03,16.0,0.0,4.0,9.0,18.0,134974.0,711,283
2022-08-02,29.0,0.0,1.0,0.0,9.0,134974.0,692,280
2022-08-01,33.0,0.0,1.0,4.0,4.0,134974.0,806,223
2022-07-31,21.0,1.0,3.0,7.0,13.0,134974.0,465,197
2022-07-30,25.0,0.0,1.0,11.0,19.0,134974.0,496,214
2022-07-29,14.0,2.0,2.0,11.0,9.0,134974.0,691,294
2022-07-28,23.0,0.0,3.0,16.0,15.0,134974.0,751,269
2022-07-27,34.0,0.0,4.0,5.0,22.0,134974.0,782,307
2022-07-26,25.0,1.0,1.0,9.0,11.0,134974.0,679,222
2022-07-25,31.0,1.0,3.0,8.0,7.0,134974.0,866,247
2022-07-24,34.0,0.0,2.0,7.0,16.0,134974.0,572,204
2022-07-23,33.0,0.0,5.0,8.0,22.0,134974.0,507,221
2022-07-22,35.0,0.0,4.0,5.0,19.0,134974.0,764,332
2022-07-21,44.0,0.0,5.0,22.0,15.0,134974.0,853,322
2022-07-20,48.0,2.0,5.0,10.0,17.0,134974.0,816,340
2022-07-19,62.0,0.0,2.0,3.0,10.0,134974.0,670,225
2022-07-18,51.0,2.0,0.0,4.0,14.0,134974.0,878,249
2022-07-17,61.0,1.0,2.0,15.0,20.0,134974.0,908,520
2022-07-16,67.0,1.0,3.0,21.0,28.0,134974.0,499,139
2022-07-15,65.0,2.0,4.0,12.0,18.0,134974.0,778,264
2022-07-14,75.0,1.0,1.0,11.0,18.0,134974.0,1110,521
2022-07-13,69.0,0.0,4.0,8.0,24.0,134974.0,906,340
2022-07-12,100.0,0.0,0.0,1.0,7.0,134974.0,787,182
2022-07-11,104.0,0.0,0.0,7.0,16.0,134974.0,1024,282
2022-07-10,68.0,0.0,5.0,7.0,10.0,134974.0,732,316
2022-07-09,58.0,0.0,2.0,10.0,4.0,134974.0,568,211
2022-07-08,71.0,0.0,5.0,15.0,17.0,134974.0,730,174
2022-07-07,79.0,0.0,7.0,9.0,21.0,134974.0,868,297
2022-07-06,102.0,0.0,5.0,13.0,15.0,134974.0,866,278
2022-07-05,98.0,0.0,1.0,9.0,10.0,134974.0,847,275
2022-07-04,109.0,0.0,3.0,7.0,14.0,134974.0,1013,221
2022-07-03,77.0,0.0,2.0,11.0,8.0,134974.0,644,266
2022-07-02,48.0,2.0,2.0,16.0,22.0,134974.0,482,181
2022-07-01,62.0,0.0,1.0,17.0,13.0,134974.0,684,217
2022-06-30,75.0,1.0,4.0,18.0,16.0,134974.0,766,259
2022-06-29,71.0,0.0,7.0,11.0,22.0,134974.0,745,298
2022-06-28,63.0,1.0,1.0,5.0,10.0,134974.0,798,308
2022-06-27,55.0,1.0,2.0,8.0,18.0,134974.0,850,214
2022-06-26,45.0,0.0,0.0,4.0,9.0,134974.0,493,195
2022-06-25,39.0,1.0,4.0,16.0,14.0,134974.0,453,201
2022-06-24,44.0,0.0,9.0,12.0,29.0,134974.0,674,269
2022-06-23,41.0,0.0,2.0,15.0,19.0,134974.0,735,277
2022-06-22,39.0,0.0,0.0,6.0,10.0,134974.0,660,252
2022-06-21,30.0,0.0,0.0,1.0,12.0,134974.0,694,256
2022-06-20,40.0,0.0,2.0,4.0,10.0,134974.0,792,230
2022-06-19,18.0,0.0,4.0,6.0,14.0,134974.0,549,232
2022-06-18,23.0,0.0,2.0,11.0,22.0,134974.0,459,197
2022-06-17,27.0,0.0,7.0,19.0,28.0,134974.0,581,173
2022-06-16,15.0,0.0,10.0,15.0,12.0,134974.0,666,248
2022-06-15,20.0,0.0,1.0,10.0,14.0,134974.0,579,253
2022-06-14,41.0,1.0,2.0,3.0,12.0,134974.0,657,247
2022-06-13,37.0,0.0,1.0,10.0,11.0,134974.0,771,230
2022-06-12,26.0,0.0,8.0,5.0,19.0,134974.0,500,211
2022-06-11,14.0,1.0,4.0,21.0,27.0,134974.0,426,214
2022-06-10,15.0,0.0,13.0,13.0,19.0,134974.0,597,232
2022-06-09,14.0,0.0,4.0,18.0,16.0,134974.0,706,247
2022-06-08,19.0,0.0,3.0,14.0,12.0,134974.0,639,241
2022-06-07,15.0,0.0,1.0,6.0,21.0,134974.0,625,233
2022-06-06,17.0,0.0,5.0,16.0,12.0,134974.0,867,295
2022-06-05,14.0,0.0,1.0,6.0,16.0,134974.0,475,189
2022-06-04,8.0,0.0,3.0,8.0,15.0,134974.0,433,190
2022-06-03,9.0,1.0,0.0,0.0,5.0,134974.0,546,225
2022-06-02,11.0,0.0,3.0,5.0,8.0,134974.0,554,205
2022-06-01,5.0,0.0,1.0,15.0,17.0,134974.0,592,271
2022-05-31,14.0,1.0,3.0,8.0,29.0,134974.0,596,226
2022-05-30,12.0,0.0,7.0,21.0,18.0,134974.0,735,244
2022-05-29,6.0,0.0,2.0,14.0,20.0,134974.0,518,217
2022-05-28,8.0,0.0,7.0,12.0,30.0,134974.0,450,188
2022-05-27,7.0,0.0,4.0,12.0,22.0,134974.0,581,233
2022-05-26,7.0,0.0,6.0,11.0,24.0,134974.0,677,207
2022-05-25,15.0,0.0,4.0,5.0,10.0,134974.0,667,278
2022-05-24,18.0,0.0,5.0,11.0,18.0,134974.0,718,305
2022-05-23,13.0,1.0,0.0,14.0,19.0,134974.0,907,244
2022-05-22,8.0,0.0,4.0,7.0,10.0,134974.0,557,231
2022-05-21,7.0,1.0,4.0,17.0,57.0,134974.0,504,228
2022-05-20,16.0,2.0,11.0,17.0,28.0,134974.0,668,247
2022-05-19,11.0,0.0,9.0,40.0,32.0,134974.0,736,271
2022-05-18,16.0,0.0,9.0,13.0,19.0,134974.0,745,293
2022-05-17,15.0,0.0,5.0,1.0,24.0,134974.0,722,307
2022-05-16,28.0,0.0,10.0,16.0,22.0,134974.0,934,279
2022-05-15,14.0,1.0,3.0,18.0,19.0,134974.0,520,184
2022-05-14,9.0,0.0,11.0,34.0,44.0,134974.0,537,272
2022-05-13,15.0,1.0,5.0,9.0,29.0,134974.0,790,352
2022-05-12,14.0,0.0,12.0,37.0,16.0,134974.0,1004,425
2022-05-11,18.0,0.0,7.0,22.0,31.0,134974.0,781,303
2022-05-10,27.0,0.0,7.0,9.0,33.0,134974.0,896,398
2022-05-09,27.0,0.0,6.0,11.0,11.0,134974.0,1186,373
2022-05-08,25.0,0.0,1.0,17.0,27.0,134974.0,643,253
2022-05-07,14.0,1.0,11.0,18.0,69.0,134974.0,639,301
2022-05-06,18.0,1.0,8.0,13.0,30.0,134974.0,835,270
2022-05-05,41.0,0.0,16.0,56.0,59.0,134974.0,992,304
2022-05-04,27.0,1.0,9.0,13.0,36.0,134974.0,989,380
2022-05-03,39.0,0.0,5.0,10.0,32.0,134974.0,1029,323
2022-05-02,32.0,3.0,0.0,1.0,0.0,134974.0,975,258
2022-05-01,36.0,0.0,4.0,15.0,14.0,134974.0,683,215
2022-04-30,18.0,0.0,10.0,21.0,64.0,134974.0,726,298
2022-04-29,21.0,0.0,4.0,10.0,39.0,134974.0,837,266
2022-04-28,31.0,1.0,14.0,22.0,37.0,134974.0,1134,325
2022-04-27,34.0,0.0,7.0,18.0,50.0,134974.0,940,289
2022-04-26,38.0,1.0,4.0,10.0,51.0,134974.0,1095,390
2022-04-25,41.0,3.0,2.0,21.0,23.0,134974.0,1254,303
2022-04-24,35.0,1.0,5.0,9.0,15.0,134974.0,786,251
2022-04-23,28.0,0.0,7.0,20.0,45.0,134974.0,815,336
2022-04-22,25.0,1.0,17.0,39.0,61.0,134974.0,1097,356
2022-04-21,41.0,0.0,14.0,40.0,29.0,134974.0,1176,354
2022-04-20,40.0,3.0,9.0,30.0,45.0,134974.0,1111,322
2022-04-19,57.0,0.0,7.0,10.0,35.0,134974.0,1264,352
2022-04-18,65.0,0.0,1.0,1.0,1.0,134974.0,1124,257
2022-04-17,44.0,1.0,0.0,2.0,1.0,134974.0,764,212
2022-04-16,44.0,1.0,5.0,14.0,6.0,134974.0,726,205
2022-04-15,39.0,0.0,4.0,15.0,7.0,134974.0,974,350
2022-04-14,64.0,0.0,15.0,28.0,36.0,134974.0,1366,449
2022-04-13,69.0,2.0,10.0,30.0,33.0,134974.0,1144,342
2022-04-12,80.0,1.0,14.0,23.0,67.0,134974.0,1364,441
2022-04-11,73.0,1.0,11.0,13.0,25.0,134974.0,1533,285
2022-04-10,57.0,1.0,6.0,24.0,44.0,134974.0,857,142
2022-04-09,48.0,0.0,3.0,40.0,34.0,134974.0,1083,441
2022-04-08,78.0,2.0,10.0,26.0,31.0,134974.0,1659,745
2022-04-07,69.0,2.0,12.0,26.0,33.0,134974.0,1624,569
2022-04-06,90.0,2.0,7.0,19.0,24.0,134974.0,1901,828
2022-04-05,107.0,0.0,7.0,13.0,28.0,134974.0,1849,768
2022-04-04,113.0,1.0,2.0,6.0,8.0,134974.0,2211,833
2022-04-03,90.0,0.0,7.0,11.0,38.0,134974.0,1708,756
2022-04-02,91.0,2.0,5.0,26.0,21.0,134974.0,1564,734
2022-04-01,106.0,2.0,8.0,23.0,29.0,134974.0,1788,646
2022-03-31,105.0,0.0,7.0,21.0,36.0,134974.0,1897,637
2022-03-30,187.0,0.0,6.0,11.0,19.0,134974.0,2217,873
2022-03-29,179.0,0.0,6.0,11.0,33.0,134974.0,2124,723
2022-03-28,183.0,1.0,5.0,12.0,16.0,134974.0,1981,582
2022-03-27,170.0,1.0,8.0,11.0,18.0,134974.0,1670,561
2022-03-26,128.0,0.0,7.0,33.0,33.0,134974.0,1507,587
2022-03-25,170.0,1.0,9.0,28.0,29.0,134974.0,1803,548
2022-03-24,154.0,1.0,7.0,23.0,21.0,134974.0,2216,771
2022-03-23,194.0,0.0,23.0,40.0,37.0,134974.0,2018,598
2022-03-22,196.0,2.0,24.0,45.0,42.0,134974.0,2126,664
2022-03-21,174.0,1.0,15.0,50.0,9.0,134974.0,2086,561
2022-03-20,149.0,1.0,1.0,21.0,15.0,134974.0,1611,513
2022-03-19,129.0,0.0,11.0,20.0,27.0,134974.0,1455,566
2022-03-18,131.0,1.0,13.0,17.0,28.0,134974.0,1804,535
2022-03-17,129.0,1.0,10.0,34.0,23.0,134974.0,1973,581
2022-03-16,145.0,0.0,17.0,58.0,20.0,134974.0,2304,831
2022-03-15,148.0,1.0,34.0,53.0,37.0,134974.0,2129,678
2022-03-14,148.0,1.0,7.0,17.0,10.0,134974.0,2384,824
2022-03-13,121.0,1.0,2.0,23.0,15.0,134974.0,1761,606
2022-03-12,75.0,1.0,12.0,31.0,33.0,134974.0,1426,537
2022-03-11,128.0,1.0,15.0,15.0,35.0,134974.0,2046,825
2022-03-10,119.0,1.0,11.0,29.0,45.0,134974.0,2229,835
2022-03-09,117.0,0.0,11.0,21.0,40.0,134974.0,2346,959
2022-03-08,112.0,0.0,31.0,123.0,46.0,134974.0,2067,704
2022-03-07,113.0,2.0,3.0,20.0,13.0,134974.0,2330,882
2022-03-06,78.0,0.0,3.0,25.0,21.0,134974.0,1405,392
2022-03-05,48.0,2.0,10.0,24.0,35.0,134974.0,1207,429
2022-03-04,57.0,1.0,9.0,23.0,31.0,134974.0,1722,552
2022-03-03,96.0,2.0,3.0,14.0,25.0,134974.0,1984,708
2022-03-02,76.0,1.0,17.0,55.0,35.0,134974.0,2003,688
2022-03-01,55.0,2.0,9.0,21.0,45.0,134974.0,2011,708
2022-02-28,81.0,0.0,9.0,20.0,20.0,134974.0,2076,620
2022-02-27,40.0,0.0,12.0,23.0,17.0,134974.0,1438,397
2022-02-26,28.0,0.0,13.0,44.0,41.0,134974.0,1227,438
2022-02-25,37.0,1.0,15.0,19.0,37.0,134974.0,1742,602
2022-02-24,53.0,0.0,27.0,62.0,38.0,134974.0,1953,622
2022-02-23,52.0,0.0,14.0,24.0,47.0,134974.0,2120,639
2022-02-22,63.0,0.0,26.0,32.0,77.0,134974.0,1950,642
2022-02-21,53.0,1.0,4.0,5.0,18.0,134974.0,2380,677
2022-02-20,71.0,1.0,3.0,16.0,12.0,134974.0,1747,384
2022-02-19,50.0,0.0,20.0,47.0,39.0,134974.0,1494,574
2022-02-18,64.0,0.0,14.0,32.0,44.0,134974.0,1780,522
2022-02-17,49.0,0.0,20.0,32.0,62.0,134974.0,2179,727
2022-02-16,66.0,1.0,21.0,71.0,67.0,134974.0,2235,702
2022-02-15,60.0,0.0,7.0,22.0,47.0,134974.0,2219,851
2022-02-14,85.0,2.0,8.0,25.0,29.0,134974.0,2514,912
2022-02-13,44.0,0.0,8.0,18.0,19.0,134974.0,1571,460
2022-02-12,52.0,0.0,23.0,83.0,69.0,134974.0,1849,954
2022-02-11,65.0,1.0,12.0,32.0,62.0,134974.0,2038,677
2022-02-10,73.0,1.0,20.0,50.0,63.0,134974.0,2344,821
2022-02-09,93.0,4.0,10.0,22.0,24.0,134974.0,2604,874
2022-02-08,82.0,0.0,6.0,16.0,29.0,134974.0,2509,980
2022-02-07,137.0,1.0,25.0,39.0,34.0,134974.0,2854,897
2022-02-06,97.0,0.0,20.0,31.0,83.0,134974.0,2044,569
2022-02-05,64.0,1.0,25.0,71.0,46.0,134974.0,1836,783
2022-02-04,79.0,1.0,23.0,56.0,47.0,134974.0,2447,913
2022-02-03,110.0,2.0,28.0,35.0,59.0,134974.0,2726,991
2022-02-02,130.0,0.0,19.0,21.0,31.0,134974.0,2994,1000
2022-02-01,152.0,2.0,17.0,19.0,52.0,134974.0,2996,1254
2022-01-31,191.0,1.0,20.0,37.0,57.0,134974.0,3209,953
2022-01-30,139.0,1.0,15.0,21.0,27.0,134974.0,2379,725
2022-01-29,127.0,4.0,33.0,95.0,64.0,134974.0,1867,730
2022-01-28,149.0,0.0,32.0,61.0,82.0,134974.0,2601,908
2022-01-27,155.0,1.0,26.0,30.0,125.0,134974.0,3035,1205
2022-01-26,170.0,0.0,31.0,43.0,51.0,134974.0,3345,1233
2022-01-25,214.0,0.0,25.0,45.0,119.0,134974.0,3142,1258
2022-01-24,227.0,4.0,17.0,40.0,79.0,134974.0,3512,1109
2022-01-23,205.0,1.0,27.0,31.0,35.0,134974.0,2773,712
2022-01-22,133.0,1.0,30.0,82.0,109.0,134974.0,2384,865
2022-01-21,156.0,2.0,56.0,88.0,73.0,134974.0,2895,949
2022-01-20,195.0,0.0,32.0,36.0,71.0,134974.0,3523,1400
2022-01-19,236.0,1.0,37.0,32.0,49.0,134974.0,3899,1275
2022-01-18,256.0,2.0,46.0,33.0,204.0,134974.0,3573,1433
2022-01-17,322.0,0.0,32.0,38.0,72.0,134974.0,3894,1141
2022-01-16,249.0,2.0,35.0,47.0,41.0,134974.0,3035,805
2022-01-15,149.0,1.0,69.0,92.0,180.0,134974.0,2682,1100
2022-01-14,218.0,0.0,39.0,38.0,193.0,134974.0,3285,1199
2022-01-13,242.0,0.0,28.0,34.0,261.0,134974.0,3843,1402
2022-01-12,292.0,0.0,23.0,38.0,58.0,134974.0,4370,1670
2022-01-11,335.0,0.0,36.0,37.0,227.0,134974.0,4683,2450
2022-01-10,357.0,2.0,36.0,33.0,198.0,134974.0,5513,2627
2022-01-09,297.0,2.0,63.0,55.0,200.0,134974.0,4824,2295
2022-01-08,313.0,1.0,72.0,89.0,414.0,134974.0,3638,1897
2022-01-07,394.0,1.0,35.0,57.0,461.0,134974.0,4526,1826
2022-01-06,564.0,2.0,46.0,44.0,202.0,134974.0,6114,2368
2022-01-05,710.0,1.0,73.0,88.0,340.0,134974.0,5950,1889
2022-01-04,898.0,1.0,29.0,47.0,400.0,134974.0,5308,2103
2022-01-03,690.0,1.0,49.0,53.0,442.0,134974.0,4383,1620
2022-01-02,554.0,0.0,6.0,9.0,49.0,134974.0,4095,2039
2022-01-01,330.0,0.0,1.0,2.0,17.0,134974.0,3037,1130
2021-12-31,505.0,0.0,18.0,24.0,156.0,134974.0,4235,1506
2021-12-30,653.0,2.0,55.0,54.0,888.0,134974.0,3552,1161
2021-12-29,718.0,0.0,110.0,83.0,864.0,134974.0,4171,1543
2021-12-28,589.0,0.0,23.0,25.0,244.0,134974.0,3434,1426
2021-12-27,430.0,0.0,14.0,10.0,123.0,134974.0,3108,1195
2021-12-26,292.0,0.0,0.0,0.0,2.0,134974.0,3164,1393
2021-12-25,146.0,0.0,0.0,0.0,0.0,134974.0,2566,1010
2021-12-24,276.0,0.0,7.0,11.0,56.0,134974.0,3599,1583
2021-12-23,301.0,1.0,46.0,57.0,841.0,134974.0,3134,1254
2021-12-22,293.0,0.0,45.0,85.0,836.0,134974.0,3154,972
2021-12-21,222.0,0.0,47.0,103.0,2222.0,134974.0,2970,1257
2021-12-20,160.0,0.0,58.0,105.0,1582.0,134974.0,3070,934
2021-12-19,96.0,0.0,95.0,55.0,682.0,134974.0,3001,1182
2021-12-18,76.0,0.0,64.0,119.0,1940.0,134974.0,2698,1006
2021-12-17,82.0,0.0,67.0,120.0,1875.0,134974.0,3753,1656
2021-12-16,105.0,0.0,64.0,117.0,1390.0,134974.0,3243,1364
2021-12-15,112.0,1.0,53.0,67.0,1417.0,134974.0,3223,1294
2021-12-14,79.0,0.0,57.0,130.0,1857.0,134974.0,2717,1280
2021-12-13,86.0,0.0,41.0,53.0,1110.0,134974.0,3153,1341
2021-12-12,40.0,1.0,95.0,54.0,542.0,134974.0,2444,1082
2021-12-11,68.0,1.0,32.0,57.0,709.0,134974.0,1942,992
2021-12-10,60.0,0.0,35.0,51.0,691.0,134974.0,2464,1238
2021-12-09,63.0,0.0,34.0,74.0,753.0,134974.0,2860,1441
2021-12-08,63.0,1.0,30.0,76.0,795.0,134974.0,2661,1290
2021-12-07,71.0,0.0,26.0,42.0,465.0,134974.0,2582,1425
2021-12-06,83.0,1.0,38.0,78.0,745.0,134974.0,2788,1244
2021-12-05,47.0,0.0,64.0,52.0,635.0,134974.0,2418,1181
2021-12-04,56.0,0.0,31.0,62.0,871.0,134974.0,1961,1138
2021-12-03,69.0,0.0,57.0,44.0,639.0,134974.0,2824,1740
2021-12-02,89.0,1.0,32.0,72.0,1099.0,134974.0,2904,1631
2021-12-01,86.0,1.0,43.0,81.0,926.0,134974.0,2370,1090
2021-11-30,102.0,0.0,24.0,42.0,948.0,134974.0,2510,1303
2021-11-29,82.0,0.0,20.0,41.0,730.0,134974.0,2808,1222
2021-11-28,84.0,1.0,47.0,47.0,419.0,134974.0,2297,1109
2021-11-27,88.0,0.0,48.0,56.0,1216.0,134974.0,1872,1158
2021-11-26,68.0,0.0,44.0,36.0,978.0,134974.0,2230,1233
2021-11-25,81.0,1.0,17.0,46.0,722.0,134974.0,2384,1233
2021-11-24,81.0,0.0,27.0,36.0,781.0,134974.0,3252,1890
2021-11-23,111.0,0.0,30.0,35.0,1620.0,134974.0,2372,1221
2021-11-22,106.0,0.0,5.0,22.0,506.0,134974.0,2419,1007
2021-11-21,81.0,1.0,25.0,30.0,460.0,134974.0,2047,989
2021-11-20,79.0,3.0,58.0,51.0,954.0,134974.0,1908,1231
2021-11-19,75.0,0.0,37.0,32.0,871.0,134974.0,1959,966
2021-11-18,97.0,1.0,16.0,38.0,872.0,134974.0,2497,1320
2021-11-17,92.0,0.0,349.0,32.0,781.0,134974.0,2604,1393
2021-11-16,99.0,2.0,22.0,38.0,1000.0,134974.0,2257,1192
2021-11-15,90.0,1.0,155.0,22.0,636.0,134974.0,2579,1170
2021-11-14,47.0,1.0,43.0,30.0,307.0,134974.0,1753,701
2021-11-13,51.0,3.0,46.0,49.0,818.0,134974.0,1733,1165
2021-11-12,72.0,1.0,99.0,42.0,878.0,134974.0,2203,1249
2021-11-11,74.0,1.0,192.0,40.0,1004.0,134974.0,2349,1241
2021-11-10,82.0,1.0,24.0,54.0,809.0,134974.0,2445,1274
2021-11-09,74.0,0.0,250.0,31.0,1121.0,134974.0,2587,1522
2021-11-08,96.0,0.0,12.0,22.0,401.0,134974.0,2486,1126
2021-11-07,68.0,1.0,40.0,27.0,243.0,134974.0,1906,718
2021-11-06,55.0,2.0,57.0,32.0,802.0,134974.0,1595,952
2021-11-05,48.0,0.0,164.0,58.0,1266.0,134974.0,2468,1484
2021-11-04,75.0,2.0,23.0,31.0,1114.0,134974.0,2291,1169
2021-11-03,69.0,0.0,170.0,29.0,546.0,134974.0,2431,1205
2021-11-02,80.0,2.0,37.0,37.0,1667.0,134974.0,2423,1332
2021-11-01,91.0,2.0,20.0,26.0,591.0,134974.0,2528,1242
2021-10-31,52.0,0.0,23.0,22.0,194.0,134974.0,2150,1059
2021-10-30,63.0,0.0,111.0,75.0,760.0,134974.0,1506,841
2021-10-29,76.0,0.0,78.0,36.0,941.0,134974.0,2260,1312
2021-10-28,77.0,1.0,37.0,19.0,595.0,134974.0,2566,1524
2021-10-27,117.0,0.0,35.0,32.0,439.0,134974.0,2515,1463
2021-10-26,85.0,2.0,67.0,25.0,1030.0,134974.0,2318,1337
2021-10-25,104.0,0.0,6.0,14.0,415.0,134974.0,2443,1202
2021-10-24,58.0,1.0,19.0,41.0,208.0,134974.0,1830,953
2021-10-23,62.0,1.0,30.0,58.0,741.0,134974.0,1769,1140
2021-10-22,64.0,0.0,34.0,44.0,908.0,134974.0,2165,1174
2021-10-21,87.0,0.0,45.0,21.0,499.0,134974.0,2675,1598
2021-10-20,105.0,1.0,264.0,14.0,316.0,134974.0,2671,1478
2021-10-19,113.0,0.0,94.0,33.0,859.0,134974.0,2732,1648
2021-10-18,124.0,0.0,47.0,20.0,229.0,134974.0,2537,1208
2021-10-17,74.0,0.0,11.0,33.0,90.0,134974.0,2083,984
2021-10-16,72.0,0.0,34.0,88.0,947.0,134974.0,1809,1182
2021-10-15,89.0,0.0,17.0,33.0,744.0,134974.0,2402,1399
2021-10-14,120.0,0.0,75.0,36.0,544.0,134974.0,2726,1431
2021-10-13,141.0,1.0,29.0,56.0,352.0,134974.0,2910,1707
2021-10-12,118.0,0.0,275.0,19.0,770.0,134974.0,2497,1419
2021-10-11,117.0,0.0,30.0,21.0,266.0,134974.0,3099,1593
2021-10-10,93.0,0.0,15.0,25.0,64.0,134974.0,2219,1017
2021-10-09,85.0,0.0,25.0,50.0,969.0,134974.0,1680,1015
2021-10-08,81.0,1.0,64.0,74.0,659.0,134974.0,2758,1774
2021-10-07,106.0,1.0,58.0,60.0,453.0,134974.0,2339,1120
2021-10-06,90.0,0.0,38.0,40.0,265.0,134974.0,2649,1403
2021-10-05,90.0,0.0,142.0,56.0,571.0,134974.0,2375,1295
2021-10-04,120.0,1.0,22.0,35.0,422.0,134974.0,3024,1478
2021-10-03,80.0,0.0,9.0,14.0,40.0,134974.0,2310,1021
2021-10-02,67.0,0.0,48.0,92.0,351.0,134974.0,1663,950
2021-10-01,63.0,2.0,18.0,45.0,420.0,134974.0,2496,1449
2021-09-30,76.0,0.0,6.0,39.0,279.0,134974.0,2821,1538
2021-09-29,69.0,0.0,30.0,57.0,395.0,134974.0,2661,1345
2021-09-28,81.0,0.0,16.0,34.0,418.0,134974.0,2708,1545
2021-09-27,75.0,0.0,16.0,33.0,352.0,134974.0,2849,1196
2021-09-26,54.0,0.0,19.0,33.0,32.0,134974.0,2244,974
2021-09-25,78.0,2.0,34.0,96.0,261.0,134974.0,2013,1260
2021-09-24,49.0,0.0,43.0,110.0,228.0,134974.0,2778,1671
2021-09-23,81.0,4.0,18.0,42.0,68.0,134974.0,3026,1602
2021-09-22,104.0,1.0,41.0,64.0,4.0,134974.0,2858,1473
2021-09-21,112.0,0.0,22.0,51.0,2.0,134974.0,2470,1186
2021-09-20,109.0,1.0,38.0,88.0,2.0,134974.0,3125,1423
2021-09-19,66.0,0.0,25.0,45.0,2.0,134974.0,3102,1586
2021-09-18,69.0,0.0,63.0,118.0,18.0,134974.0,1797,1080
2021-09-17,73.0,2.0,37.0,103.0,1.0,134974.0,2492,1287
2021-09-16,98.0,1.0,32.0,93.0,1.0,134974.0,2991,1512
2021-09-15,88.0,1.0,62.0,141.0,0.0,134974.0,2782,1190
2021-09-14,106.0,1.0,24.0,117.0,0.0,134974.0,2716,1392
2021-09-13,137.0,1.0,16.0,106.0,0.0,134974.0,3159,1385
2021-09-12,77.0,1.0,8.0,35.0,0.0,134974.0,2992,1606
2021-09-11,80.0,0.0,37.0,153.0,0.0,134974.0,1939,1080
2021-09-10,131.0,0.0,52.0,191.0,0.0,134974.0,3460,1808
2021-09-09,119.0,0.0,52.0,170.0,0.0,134974.0,2540,971
2021-09-08,113.0,0.0,68.0,180.0,0.0,134974.0,2876,1067
2021-09-07,144.0,0.0,31.0,146.0,0.0,134974.0,3790,1240
2021-09-06,150.0,0.0,111.0,149.0,0.0,134974.0,5269,1568
2021-09-05,85.0,1.0,33.0,45.0,0.0,134974.0,2207,910
2021-09-04,102.0,0.0,67.0,189.0,0.0,134974.0,1920,1109
2021-09-03,125.0,0.0,60.0,180.0,0.0,134974.0,4282,1418
2021-09-02,161.0,0.0,27.0,160.0,1.0,134974.0,4190,1197
2021-09-01,100.0,0.0,76.0,194.0,0.0,134974.0,3162,1656
2021-08-31,118.0,0.0,56.0,200.0,0.0,134974.0,3038,1400
2021-08-30,86.0,0.0,12.0,44.0,0.0,134974.0,2098,898
2021-08-29,64.0,0.0,30.0,41.0,0.0,134974.0,1766,879
2021-08-28,78.0,0.0,70.0,214.0,0.0,134974.0,1615,785
2021-08-27,88.0,0.0,68.0,200.0,0.0,134974.0,2697,1339
2021-08-26,105.0,0.0,87.0,217.0,0.0,134974.0,3042,1572
2021-08-25,108.0,0.0,146.0,203.0,0.0,134974.0,2612,1115
2021-08-24,98.0,1.0,125.0,240.0,0.0,134974.0,2261,1064
2021-08-23,128.0,0.0,89.0,259.0,0.0,134974.0,2761,1320
2021-08-22,72.0,0.0,88.0,103.0,0.0,134974.0,2218,1134
2021-08-21,70.0,3.0,128.0,305.0,1.0,134974.0,1634,869
2021-08-20,75.0,0.0,100.0,312.0,0.0,134974.0,2346,1181
2021-08-19,104.0,0.0,56.0,345.0,0.0,134974.0,2894,1718
2021-08-18,81.0,0.0,56.0,268.0,1.0,134974.0,2343,1107
2021-08-17,95.0,0.0,46.0,193.0,1.0,134974.0,2228,1063
2021-08-16,98.0,0.0,16.0,190.0,1.0,134974.0,2690,1188
2021-08-15,84.0,0.0,40.0,57.0,0.0,134974.0,2039,1033
2021-08-14,85.0,0.0,85.0,257.0,0.0,134974.0,1815,1032
2021-08-13,90.0,1.0,64.0,245.0,0.0,134974.0,2368,1182
2021-08-12,88.0,0.0,72.0,247.0,0.0,134974.0,2680,1454
2021-08-11,89.0,0.0,64.0,191.0,2.0,134974.0,2303,1088
2021-08-10,80.0,1.0,49.0,161.0,0.0,134974.0,2443,1243
2021-08-09,94.0,0.0,16.0,169.0,0.0,134974.0,2929,1453
2021-08-08,80.0,0.0,22.0,49.0,0.0,134974.0,2398,1273
2021-08-07,49.0,0.0,68.0,291.0,0.0,134974.0,1681,879
2021-08-06,88.0,0.0,58.0,333.0,0.0,134974.0,2413,1153
2021-08-05,93.0,0.0,76.0,255.0,0.0,134974.0,2473,1150
2021-08-04,102.0,0.0,47.0,121.0,0.0,134974.0,2566,1192
2021-08-03,115.0,0.0,23.0,90.0,0.0,134974.0,2558,1331
2021-08-02,127.0,0.0,46.0,136.0,0.0,134974.0,2738,1122
2021-08-01,86.0,0.0,36.0,174.0,0.0,134974.0,2060,924
2021-07-31,85.0,0.0,104.0,310.0,0.0,134974.0,1931,1103
2021-07-30,73.0,0.0,50.0,221.0,0.0,134974.0,2840,1509
2021-07-29,98.0,0.0,42.0,132.0,0.0,134974.0,2729,1228
2021-07-28,110.0,0.0,53.0,172.0,0.0,134974.0,3233,1825
2021-07-27,97.0,0.0,44.0,185.0,0.0,134974.0,2660,1241
2021-07-26,151.0,0.0,51.0,138.0,0.0,134974.0,3124,1362
2021-07-25,84.0,1.0,37.0,81.0,0.0,134974.0,2320,1138
2021-07-24,84.0,1.0,71.0,342.0,2.0,134974.0,2290,1283
2021-07-23,109.0,1.0,74.0,237.0,0.0,134974.0,2904,1500
2021-07-22,143.0,0.0,84.0,284.0,0.0,134974.0,3547,1766
2021-07-21,136.0,0.0,105.0,179.0,0.0,134974.0,2956,1485
2021-07-20,155.0,0.0,61.0,180.0,0.0,134974.0,3022,1578
2021-07-19,162.0,1.0,64.0,165.0,0.0,134974.0,4126,1928
2021-07-18,123.0,1.0,36.0,100.0,0.0,134974.0,2894,1337
2021-07-17,146.0,0.0,122.0,581.0,0.0,134974.0,2461,1460
2021-07-16,226.0,0.0,102.0,315.0,0.0,134974.0,3518,1902
2021-07-15,198.0,0.0,86.0,209.0,0.0,134974.0,3673,1806
2021-07-14,192.0,0.0,96.0,179.0,0.0,134974.0,3210,1264
2021-07-13,187.0,0.0,62.0,124.0,0.0,134974.0,3476,1663
2021-07-12,142.0,0.0,78.0,107.0,0.0,134974.0,3767,1634
2021-07-11,100.0,0.0,46.0,135.0,0.0,134974.0,2996,1296
2021-07-10,92.0,0.0,116.0,304.0,0.0,134974.0,2284,1227
2021-07-09,137.0,1.0,143.0,204.0,0.0,134974.0,2746,1222
2021-07-08,137.0,1.0,115.0,124.0,0.0,134974.0,3878,1843
2021-07-07,148.0,0.0,143.0,186.0,0.0,134974.0,3603,1613
2021-07-06,152.0,0.0,97.0,165.0,1.0,134974.0,3216,1532
2021-07-05,139.0,0.0,134.0,191.0,0.0,134974.0,3914,1436
2021-07-04,63.0,0.0,57.0,142.0,0.0,134974.0,3051,1084
2021-07-03,64.0,0.0,263.0,395.0,0.0,134974.0,2055,1041
2021-07-02,86.0,0.0,258.0,387.0,0.0,134974.0,3064,1278
2021-07-01,97.0,0.0,209.0,194.0,0.0,134974.0,3749,1695
2021-06-30,81.0,0.0,236.0,334.0,0.0,134974.0,3723,1538
2021-06-29,83.0,0.0,184.0,211.0,0.0,134974.0,3214,1371
2021-06-28,88.0,0.0,277.0,252.0,0.0,134974.0,3903,1404
2021-06-27,67.0,0.0,181.0,142.0,1.0,134974.0,3286,1231
2021-06-26,35.0,0.0,518.0,447.0,1.0,134974.0,2078,1124
2021-06-25,53.0,0.0,412.0,413.0,0.0,134974.0,2922,1293
2021-06-24,68.0,0.0,382.0,198.0,0.0,134974.0,3669,1537
2021-06-23,81.0,0.0,428.0,157.0,0.0,134974.0,3391,1247
2021-06-22,74.0,0.0,388.0,226.0,0.0,134974.0,3052,1260
2021-06-21,65.0,0.0,355.0,175.0,0.0,134974.0,3938,1400
2021-06-20,55.0,0.0,140.0,79.0,0.0,134974.0,3162,1082
2021-06-19,44.0,0.0,439.0,407.0,2.0,134974.0,1888,932
2021-06-18,69.0,0.0,376.0,665.0,0.0,134974.0,2995,1229
2021-06-17,70.0,0.0,383.0,246.0,1.0,134974.0,3425,1337
2021-06-16,57.0,0.0,278.0,339.0,0.0,134974.0,3477,1188
2021-06-15,58.0,0.0,303.0,336.0,1.0,134974.0,3096,1135
2021-06-14,55.0,0.0,211.0,353.0,0.0,134974.0,3575,1052
2021-06-13,68.0,0.0,121.0,183.0,0.0,134974.0,3100,1121
2021-06-12,39.0,0.0,397.0,504.0,0.0,134974.0,1631,796
2021-06-11,54.0,0.0,265.0,1175.0,0.0,134974.0,2766,1230
2021-06-10,59.0,0.0,160.0,446.0,0.0,134974.0,3368,1225
2021-06-09,39.0,0.0,188.0,546.0,0.0,134974.0,3257,1254
2021-06-08,30.0,0.0,177.0,530.0,1.0,134974.0,2444,856
2021-06-07,48.0,0.0,211.0,700.0,0.0,134974.0,3573,1164
2021-06-06,34.0,0.0,134.0,373.0,0.0,134974.0,2920,820
2021-06-05,22.0,0.0,429.0,494.0,0.0,134974.0,1605,812
2021-06-04,28.0,0.0,170.0,1088.0,0.0,134974.0,2407,983
2021-06-03,34.0,0.0,274.0,476.0,0.0,134974.0,2770,1171
2021-06-02,33.0,0.0,133.0,646.0,0.0,134974.0,2263,797
2021-06-01,26.0,0.0,113.0,370.0,0.0,134974.0,2935,1089
2021-05-31,10.0,0.0,54.0,301.0,0.0,134974.0,1777,513
2021-05-30,3.0,0.0,48.0,346.0,0.0,134974.0,1528,596
2021-05-29,13.0,0.0,124.0,694.0,0.0,134974.0,1628,926
2021-05-28,13.0,0.0,597.0,1250.0,1.0,134974.0,2138,839
2021-05-27,15.0,0.0,716.0,1082.0,1.0,134974.0,3358,1420
2021-05-26,6.0,0.0,126.0,645.0,0.0,134974.0,2916,900
2021-05-25,7.0,0.0,541.0,887.0,1.0,134974.0,2681,1149
2021-05-24,4.0,0.0,114.0,578.0,0.0,134974.0,3154,819
2021-05-23,5.0,0.0,10.0,487.0,0.0,134974.0,2534,667
2021-05-22,3.0,0.0,367.0,1893.0,2.0,134974.0,1729,1036
2021-05-21,1.0,0.0,307.0,1266.0,0.0,134974.0,2575,1041
2021-05-20,6.0,0.0,239.0,1357.0,0.0,134974.0,3125,1144
2021-05-19,3.0,0.0,82.0,660.0,0.0,134974.0,3033,1001
2021-05-18,8.0,0.0,303.0,960.0,0.0,134974.0,2962,1178
2021-05-17,2.0,0.0,36.0,761.0,0.0,134974.0,3148,815
2021-05-16,3.0,0.0,56.0,349.0,1.0,134974.0,2502,555
2021-05-15,1.0,0.0,474.0,1272.0,0.0,134974.0,1608,910
2021-05-14,3.0,0.0,304.0,1882.0,0.0,134974.0,2210,820
2021-05-13,2.0,0.0,125.0,838.0,0.0,134974.0,3166,1034
2021-05-12,11.0,0.0,335.0,513.0,0.0,134974.0,3624,1479
2021-05-11,10.0,0.0,371.0,672.0,0.0,134974.0,2749,1254
2021-05-10,17.0,0.0,153.0,885.0,0.0,134974.0,3377,827
2021-05-09,6.0,0.0,121.0,617.0,0.0,134974.0,3086,923
2021-05-08,3.0,0.0,126.0,1645.0,0.0,134974.0,1293,658
2021-05-07,7.0,0.0,104.0,670.0,0.0,134974.0,2327,762
2021-05-06,11.0,0.0,243.0,467.0,0.0,134974.0,3317,1143
2021-05-05,3.0,0.0,410.0,840.0,0.0,134974.0,3178,1081
2021-05-04,2.0,0.0,151.0,1053.0,0.0,134974.0,3381,1047
2021-05-03,4.0,0.0,220.0,358.0,0.0,134974.0,2410,427
2021-05-02,7.0,0.0,148.0,523.0,0.0,134974.0,1857,618
2021-05-01,3.0,0.0,241.0,1188.0,0.0,134974.0,1423,835
2021-04-30,6.0,0.0,329.0,697.0,0.0,134974.0,2250,825
2021-04-29,0.0,0.0,438.0,1074.0,0.0,134974.0,3514,1239
2021-04-28,0.0,0.0,242.0,1203.0,0.0,134974.0,3058,856
2021-04-27,0.0,1.0,203.0,1240.0,0.0,134974.0,2625,1028
2021-04-26,5.0,0.0,105.0,895.0,0.0,134974.0,3465,765
2021-04-25,2.0,0.0,66.0,599.0,0.0,134974.0,3087,829
2021-04-24,1.0,0.0,98.0,1626.0,0.0,134974.0,1396,779
2021-04-23,4.0,0.0,185.0,1433.0,0.0,134974.0,2559,982
2021-04-22,2.0,0.0,155.0,1346.0,0.0,134974.0,2949,876
2021-04-21,4.0,0.0,157.0,1022.0,0.0,134974.0,3447,993
2021-04-20,5.0,0.0,183.0,1101.0,0.0,134974.0,2387,665
2021-04-19,0.0,0.0,167.0,1036.0,1.0,134974.0,3271,675
2021-04-18,2.0,0.0,18.0,475.0,1.0,134974.0,3228,807
2021-04-17,3.0,0.0,113.0,1956.0,0.0,134974.0,1519,886
2021-04-16,2.0,0.0,68.0,901.0,1.0,134974.0,2198,778
2021-04-15,3.0,0.0,154.0,578.0,0.0,134974.0,3329,828
2021-04-14,3.0,0.0,216.0,963.0,0.0,134974.0,3429,1074
2021-04-13,4.0,0.0,53.0,1265.0,1.0,134974.0,2762,1067
2021-04-12,2.0,0.0,49.0,1002.0,0.0,134974.0,3504,642
2021-04-11,2.0,0.0,48.0,382.0,0.0,134974.0,3371,595
2021-04-10,2.0,0.0,60.0,2359.0,0.0,134974.0,1589,1005
2021-04-09,1.0,0.0,137.0,860.0,0.0,134974.0,2361,945
2021-04-08,4.0,0.0,84.0,813.0,0.0,134974.0,2667,882
2021-04-07,4.0,0.0,93.0,743.0,0.0,134974.0,2509,729
2021-04-06,4.0,0.0,281.0,338.0,0.0,134974.0,2713,659
2021-04-05,1.0,0.0,7.0,204.0,0.0,134974.0,1887,521
2021-04-04,6.0,0.0,11.0,118.0,0.0,134974.0,1602,508
2021-04-03,1.0,0.0,197.0,949.0,0.0,134974.0,1302,858
2021-04-02,3.0,0.0,46.0,539.0,0.0,134974.0,1532,765
2021-04-01,3.0,0.0,442.0,530.0,0.0,134974.0,2927,984
2021-03-31,7.0,0.0,332.0,449.0,0.0,134974.0,2476,662
2021-03-30,7.0,0.0,327.0,490.0,0.0,134974.0,1833,815
2021-03-29,4.0,0.0,343.0,290.0,0.0,134974.0,1914,491
2021-03-28,4.0,0.0,190.0,140.0,0.0,134974.0,4034,848
2021-03-27,2.0,0.0,601.0,182.0,0.0,134974.0,1229,707
2021-03-26,2.0,0.0,578.0,773.0,0.0,134974.0,2529,732
2021-03-25,3.0,0.0,428.0,1194.0,0.0,134974.0,3588,962
2021-03-24,10.0,0.0,564.0,999.0,0.0,134974.0,3923,843
2021-03-23,11.0,0.0,489.0,203.0,0.0,134974.0,3124,826
2021-03-22,8.0,0.0,699.0,211.0,0.0,134974.0,3712,606
2021-03-21,14.0,1.0,437.0,18.0,0.0,134974.0,3706,736
2021-03-20,5.0,1.0,2526.0,126.0,0.0,134974.0,1281,789
2021-03-19,5.0,0.0,2134.0,307.0,0.0,134974.0,2865,921
2021-03-18,11.0,0.0,420.0,885.0,0.0,134974.0,4126,812
2021-03-17,8.0,0.0,353.0,729.0,0.0,134974.0,4324,890
2021-03-16,6.0,0.0,592.0,29.0,0.0,134974.0,3885,903
2021-03-15,7.0,1.0,916.0,7.0,0.0,134974.0,4636,543
2021-03-14,7.0,0.0,883.0,3.0,0.0,134974.0,2240,800
2021-03-13,5.0,1.0,1359.0,7.0,0.0,134974.0,1323,906
2021-03-12,8.0,0.0,847.0,3.0,0.0,134974.0,3791,523
2021-03-11,8.0,0.0,476.0,7.0,0.0,134974.0,4135,861
2021-03-10,11.0,0.0,591.0,133.0,0.0,134974.0,3886,896
2021-03-09,12.0,0.0,1141.0,156.0,0.0,134974.0,4114,826
2021-03-08,12.0,0.0,784.0,72.0,0.0,134974.0,4171,519
2021-03-07,4.0,1.0,393.0,4.0,0.0,134974.0,1660,602
2021-03-06,7.0,1.0,1480.0,3.0,0.0,134974.0,1333,823
2021-03-05,11.0,2.0,1733.0,40.0,0.0,134974.0,2698,935
2021-03-04,24.0,0.0,1079.0,81.0,0.0,134974.0,3053,870
2021-03-03,20.0,0.0,563.0,118.0,0.0,134974.0,2580,906
2021-03-02,13.0,1.0,779.0,109.0,0.0,134974.0,2433,1004
2021-03-01,18.0,2.0,892.0,34.0,0.0,134974.0,2783,798
2021-02-28,11.0,0.0,377.0,2.0,0.0,134974.0,1641,730
2021-02-27,12.0,1.0,1442.0,1.0,0.0,134974.0,1486,996
2021-02-26,16.0,2.0,1670.0,2.0,0.0,134974.0,2335,842
2021-02-25,30.0,1.0,810.0,5.0,0.0,134974.0,2509,882
2021-02-24,15.0,1.0,432.0,4.0,0.0,134974.0,2486,1058
2021-02-23,17.0,3.0,387.0,4.0,0.0,134974.0,2537,782
2021-02-22,19.0,0.0,389.0,2.0,0.0,134974.0,2551,712
2021-02-21,9.0,1.0,268.0,0.0,0.0,134974.0,1781,920
2021-02-20,14.0,1.0,1306.0,0.0,0.0,134974.0,1212,777
2021-02-19,19.0,1.0,549.0,0.0,0.0,134974.0,1934,784
2021-02-18,27.0,3.0,719.0,0.0,0.0,134974.0,2157,833
2021-02-17,21.0,2.0,803.0,0.0,0.0,134974.0,1937,889
2021-02-16,49.0,0.0,1262.0,0.0,0.0,134974.0,2122,960
2021-02-15,33.0,2.0,860.0,1.0,0.0,134974.0,2230,794
2021-02-14,15.0,0.0,945.0,0.0,0.0,134974.0,1374,774
2021-02-13,28.0,2.0,1283.0,0.0,1.0,134974.0,1244,841
2021-02-12,34.0,2.0,635.0,2.0,0.0,134974.0,2147,959
2021-02-11,30.0,1.0,591.0,0.0,0.0,134974.0,2432,958
2021-02-10,28.0,2.0,969.0,0.0,0.0,134974.0,2714,1043
2021-02-09,35.0,2.0,1125.0,0.0,0.0,134974.0,2173,830
2021-02-08,41.0,2.0,797.0,0.0,0.0,134974.0,2462,791
2021-02-07,35.0,0.0,805.0,0.0,0.0,134974.0,1721,775
2021-02-06,21.0,0.0,1354.0,1.0,0.0,134974.0,1334,943
2021-02-05,36.0,0.0,1421.0,0.0,0.0,134974.0,2261,1057
2021-02-04,35.0,0.0,1527.0,1.0,0.0,134974.0,2583,992
2021-02-03,49.0,3.0,943.0,0.0,0.0,134974.0,2884,1071
2021-02-02,55.0,6.0,1116.0,0.0,0.0,134974.0,2381,933
2021-02-01,59.0,2.0,984.0,0.0,0.0,134974.0,2174,536
2021-01-31,35.0,2.0,964.0,0.0,0.0,134974.0,1544,672
2021-01-30,31.0,1.0,1283.0,0.0,0.0,134974.0,1438,985
2021-01-29,46.0,4.0,991.0,0.0,0.0,134974.0,2225,933
2021-01-28,62.0,3.0,1178.0,0.0,0.0,134974.0,2452,1019
2021-01-27,51.0,0.0,886.0,1.0,0.0,134974.0,2493,1288
2021-01-26,60.0,2.0,1093.0,1.0,0.0,134974.0,2111,866
2021-01-25,46.0,0.0,1203.0,0.0,0.0,134974.0,2321,803
2021-01-24,39.0,3.0,677.0,0.0,0.0,134974.0,1300,901
2021-01-23,28.0,2.0,757.0,0.0,0.0,134974.0,1246,981
2021-01-22,44.0,2.0,1423.0,0.0,0.0,134974.0,2067,1158
2021-01-21,50.0,1.0,1292.0,0.0,0.0,134974.0,2165,1138
2021-01-20,66.0,2.0,388.0,0.0,0.0,134974.0,2334,1230
2021-01-19,79.0,3.0,863.0,0.0,0.0,134974.0,1808,879
2021-01-18,60.0,5.0,494.0,0.0,0.0,134974.0,2162,969
2021-01-17,39.0,4.0,623.0,0.0,0.0,134974.0,1243,944
2021-01-16,53.0,5.0,267.0,0.0,0.0,134974.0,1029,796
2021-01-15,58.0,2.0,879.0,0.0,0.0,134974.0,1754,1007
2021-01-14,62.0,6.0,553.0,0.0,0.0,134974.0,2241,1545
2021-01-13,69.0,3.0,511.0,2.0,0.0,134974.0,1831,1233
2021-01-12,58.0,2.0,387.0,0.0,0.0,134974.0,1484,808
2021-01-11,109.0,3.0,298.0,1.0,0.0,134974.0,2108,1353
2021-01-10,39.0,4.0,45.0,1.0,0.0,134974.0,938,870
2021-01-09,44.0,3.0,340.0,5.0,0.0,134974.0,1302,1211
2021-01-08,63.0,2.0,802.0,5.0,0.0,134974.0,1629,1308
2021-01-07,79.0,3.0,1367.0,121.0,0.0,134974.0,1619,1382
2021-01-06,79.0,4.0,476.0,290.0,0.0,134974.0,1254,920
2021-01-05,54.0,4.0,146.0,371.0,0.0,134974.0,984,566
2021-01-04,95.0,3.0,42.0,51.0,0.0,134974.0,1118,824
2021-01-03,45.0,3.0,2.0,3.0,0.0,134974.0,1169,1103
2021-01-02,92.0,1.0,1.0,6.0,0.0,134974.0,1166,1134
2021-01-01,24.0,0.0,0.0,1.0,0.0,134974.0,883,864
2020-12-31,50.0,6.0,500.0,51.0,0.0,134974.0,769,672
2020-12-30,80.0,2.0,639.0,68.0,0.0,134974.0,1051,894
2020-12-29,76.0,4.0,653.0,96.0,0.0,134974.0,980,789
2020-12-28,55.0,4.0,0.0,0.0,0.0,134974.0,746,688
2020-12-27,47.0,2.0,0.0,0.0,0.0,134974.0,740,719
2020-12-26,50.0,4.0,0.0,0.0,0.0,134974.0,344,331
2020-12-25,15.0,2.0,0.0,0.0,0.0,134974.0,379,366
2020-12-24,33.0,3.0,4.0,0.0,0.0,134974.0,1061,996
2020-12-23,47.0,3.0,136.0,0.0,0.0,134974.0,834,770
2020-12-22,44.0,2.0,144.0,0.0,0.0,134974.0,940,792
2020-12-21,44.0,3.0,79.0,0.0,0.0,134974.0,1143,960
2020-12-20,28.0,1.0,4.0,0.0,0.0,134974.0,811,805
2020-12-19,22.0,2.0,6.0,0.0,0.0,134974.0,699,684
2020-12-18,34.0,5.0,46.0,0.0,1.0,134974.0,1209,1035
2020-12-17,28.0,2.0,196.0,1.0,,134974.0,646,596
2020-12-16,36.0,2.0,386.0,1.0,,134974.0,926,892
2020-12-15,35.0,1.0,368.0,0.0,,134974.0,696,494
2020-12-14,33.0,1.0,79.0,1.0,,134974.0,733,698
2020-12-13,22.0,3.0,4.0,0.0,,134974.0,507,493
2020-12-12,30.0,2.0,5.0,0.0,,134974.0,805,800
2020-12-11,38.0,0.0,52.0,0.0,,134974.0,1159,907
2020-12-10,38.0,0.0,53.0,0.0,,134974.0,1293,1182
2020-12-09,37.0,3.0,74.0,2.0,,134974.0,768,543
2020-12-08,36.0,1.0,103.0,1.0,,134974.0,1096,738
2020-12-07,31.0,1.0,,,,,755,516
2020-12-06,21.0,4.0,,,,,651,643
2020-12-05,33.0,3.0,,,,,743,730
2020-12-04,35.0,2.0,,,,,1412,1168
2020-12-03,26.0,2.0,,,,,887,832
2020-12-02,34.0,1.0,,,,,1005,936
2020-12-01,28.0,1.0,,,,,758,669
2020-11-30,27.0,0.0,,,,,570,514
2020-11-29,27.0,2.0,,,,,798,796
2020-11-28,23.0,2.0,,,,,666,665
2020-11-27,28.0,1.0,,,,,927,875
2020-11-26,25.0,0.0,,,,,1057,1045
2020-11-25,42.0,2.0,,,,,791,789
2020-11-24,46.0,2.0,,,,,661,660
2020-11-23,33.0,1.0,,,,,550,549
2020-11-22,20.0,2.0,,,,,596,595
2020-11-21,40.0,2.0,,,,,746,745
2020-11-20,29.0,2.0,,,,,1214,1213
2020-11-19,30.0,1.0,,,,,1036,1036
2020-11-18,50.0,8.0,,,,,634,630
2020-11-17,52.0,3.0,,,,,745,743
2020-11-16,68.0,3.0,,,,,473,473
2020-11-15,28.0,1.0,,,,,556,556
2020-11-14,39.0,3.0,,,,,863,863
2020-11-13,57.0,6.0,,,,,1161,1160
2020-11-12,85.0,0.0,,,,,1037,1035
2020-11-11,52.0,2.0,,,,,634,633
2020-11-10,76.0,0.0,,,,,645,644
2020-11-09,77.0,2.0,,,,,565,565
2020-11-08,49.0,1.0,,,,,693,692
2020-11-07,44.0,2.0,,,,,715,715
2020-11-06,74.0,1.0,,,,,903,903
2020-11-05,53.0,4.0,,,,,874,874
2020-11-04,59.0,2.0,,,,,876,876
2020-11-03,98.0,4.0,,,,,818,818
2020-11-02,110.0,1.0,,,,,474,474
2020-11-01,40.0,2.0,,,,,696,696
2020-10-31,42.0,6.0,,,,,624,624
2020-10-30,66.0,5.0,,,,,1156,1156
2020-10-29,96.0,1.0,,,,,1185,1185
2020-10-28,63.0,1.0,,,,,1036,1036
2020-10-27,104.0,7.0,,,,,941,941
2020-10-26,103.0,4.0,,,,,764,764
2020-10-25,61.0,1.0,,,,,1061,1061
2020-10-24,65.0,1.0,,,,,1203,1203
2020-10-23,107.0,1.0,,,,,1418,1418
2020-10-22,94.0,2.0,,,,,1197,1197
2020-10-21,120.0,1.0,,,,,942,942
2020-10-20,135.0,0.0,,,,,874,874
2020-10-19,130.0,0.0,,,,,961,961
2020-10-18,53.0,0.0,,,,,861,861
2020-10-17,78.0,0.0,,,,,980,980
2020-10-16,121.0,0.0,,,,,1039,1039
2020-10-15,78.0,0.0,,,,,788,788
2020-10-14,105.0,0.0,,,,,735,735
2020-10-13,78.0,0.0,,,,,836,836
2020-10-12,81.0,0.0,,,,,748,748
2020-10-11,54.0,2.0,,,,,774,774
2020-10-10,48.0,2.0,,,,,743,743
2020-10-09,62.0,0.0,,,,,913,913
2020-10-08,73.0,0.0,,,,,669,669
2020-10-07,62.0,0.0,,,,,590,590
2020-10-06,51.0,1.0,,,,,641,641
2020-10-05,45.0,2.0,,,,,792,792
2020-10-04,38.0,0.0,,,,,603,603
2020-10-03,35.0,0.0,,,,,579,579
2020-10-02,41.0,0.0,,,,,601,601
2020-10-01,40.0,0.0,,,,,830,830
2020-09-30,31.0,1.0,,,,,492,492
2020-09-29,36.0,0.0,,,,,734,734
2020-09-28,27.0,2.0,,,,,618,618
2020-09-27,17.0,0.0,,,,,569,569
2020-09-26,26.0,0.0,,,,,687,687
2020-09-25,14.0,0.0,,,,,846,846
2020-09-24,32.0,0.0,,,,,1009,1009
2020-09-23,11.0,0.0,,,,,687,687
2020-09-22,14.0,0.0,,,,,540,540
2020-09-21,9.0,0.0,,,,,625,625
2020-09-20,12.0,0.0,,,,,666,666
2020-09-19,7.0,0.0,,,,,650,650
2020-09-18,22.0,0.0,,,,,690,690
2020-09-17,14.0,0.0,,,,,790,790
2020-09-16,15.0,0.0,,,,,926,926
2020-09-15,14.0,0.0,,,,,883,883
2020-09-14,12.0,0.0,,,,,913,913
2020-09-13,8.0,0.0,,,,,525,525
2020-09-12,2.0,0.0,,,,,502,502
2020-09-11,19.0,0.0,,,,,809,809
2020-09-10,5.0,0.0,,,,,785,785
2020-09-09,5.0,0.0,,,,,690,690
2020-09-08,4.0,0.0,,,,,459,459
2020-09-07,4.0,0.0,,,,,402,402
2020-09-06,8.0,0.0,,,,,390,390
2020-09-05,4.0,1.0,,,,,415,415
2020-09-04,3.0,0.0,,,,,392,392
2020-09-03,5.0,0.0,,,,,618,618
2020-09-02,10.0,0.0,,,,,825,825
2020-09-01,2.0,0.0,,,,,489,489
2020-08-31,0.0,0.0,,,,,380,380
2020-08-30,0.0,0.0,,,,,366,366
2020-08-29,0.0,0.0,,,,,402,402
2020-08-28,0.0,0.0,,,,,332,332
2020-08-27,0.0,0.0,,,,,657,657
2020-08-26,6.0,0.0,,,,,449,449
2020-08-25,5.0,0.0,,,,,553,553
2020-08-24,1.0,0.0,,,,,499,499
2020-08-23,2.0,0.0,,,,,315,315
2020-08-22,0.0,0.0,,,,,434,434
2020-08-21,2.0,0.0,,,,,427,427
2020-08-20,2.0,0.0,,,,,409,409
2020-08-19,3.0,0.0,,,,,473,473
2020-08-18,0.0,0.0,,,,,405,405
2020-08-17,1.0,0.0,,,,,287,287
2020-08-16,0.0,0.0,,,,,375,375
2020-08-15,0.0,0.0,,,,,578,578
2020-08-14,2.0,0.0,,,,,377,377
2020-08-13,6.0,0.0,,,,,298,298
2020-08-12,4.0,0.0,,,,,490,490
2020-08-11,4.0,0.0,,,,,302,302
2020-08-10,1.0,0.0,,,,,379,379
2020-08-09,0.0,1.0,,,,,454,454
2020-08-08,1.0,0.0,,,,,355,355
2020-08-07,4.0,0.0,,,,,502,502
2020-08-06,3.0,0.0,,,,,518,518
2020-08-05,1.0,1.0,,,,,474,474
2020-08-04,4.0,0.0,,,,,767,767
2020-08-03,3.0,0.0,,,,,645,645
2020-08-02,2.0,0.0,,,,,409,409
2020-08-01,2.0,0.0,,,,,445,445
2020-07-31,1.0,0.0,,,,,312,312
2020-07-30,0.0,0.0,,,,,396,396
2020-07-29,2.0,0.0,,,,,194,194
2020-07-28,2.0,0.0,,,,,301,301
2020-07-27,1.0,0.0,,,,,226,226
2020-07-26,1.0,0.0,,,,,140,140
2020-07-25,1.0,0.0,,,,,231,231
2020-07-24,1.0,0.0,,,,,365,365
2020-07-23,2.0,1.0,,,,,291,291
2020-07-22,2.0,0.0,,,,,232,232
2020-07-21,0.0,1.0,,,,,211,211
2020-07-20,4.0,0.0,,,,,162,162
2020-07-19,0.0,0.0,,,,,139,139
2020-07-18,1.0,0.0,,,,,240,240
2020-07-17,1.0,0.0,,,,,419,419
2020-07-16,0.0,0.0,,,,,432,432
2020-07-15,1.0,1.0,,,,,315,315
2020-07-14,1.0,0.0,,,,,282,282
2020-07-13,0.0,0.0,,,,,232,232
2020-07-12,2.0,0.0,,,,,211,211
2020-07-11,0.0,0.0,,,,,234,234
2020-07-10,3.0,0.0,,,,,430,430
2020-07-09,2.0,0.0,,,,,261,261
2020-07-08,2.0,0.0,,,,,218,218
2020-07-07,0.0,1.0,,,,,162,162
2020-07-06,2.0,0.0,,,,,190,190
2020-07-05,1.0,1.0,,,,,174,174
2020-07-04,0.0,0.0,,,,,148,148
2020-07-03,3.0,0.0,,,,,302,302
2020-07-02,4.0,0.0,,,,,169,169
2020-07-01,1.0,0.0,,,,,187,187
2020-06-30,0.0,0.0,,,,,142,142
2020-06-29,0.0,0.0,,,,,147,147
2020-06-28,2.0,0.0,,,,,116,116
2020-06-27,1.0,0.0,,,,,126,126
2020-06-26,4.0,0.0,,,,,229,229
2020-06-25,7.0,0.0,,,,,201,201
2020-06-24,5.0,0.0,,,,,154,154
2020-06-23,2.0,1.0,,,,,188,188
2020-06-22,2.0,0.0,,,,,160,160
2020-06-21,0.0,1.0,,,,,126,126
2020-06-20,3.0,0.0,,,,,137,137
2020-06-19,3.0,1.0,,,,,138,138
2020-06-18,2.0,0.0,,,,,153,153
2020-06-17,2.0,0.0,,,,,180,180
2020-06-16,2.0,0.0,,,,,174,174
2020-06-15,3.0,0.0,,,,,168,168
2020-06-14,1.0,2.0,,,,,177,177
2020-06-13,3.0,1.0,,,,,196,196
2020-06-12,2.0,0.0,,,,,380,380
2020-06-11,3.0,1.0,,,,,281,281
2020-06-10,11.0,1.0,,,,,227,227
2020-06-09,9.0,0.0,,,,,145,145
2020-06-08,3.0,2.0,,,,,180,180
2020-06-07,9.0,0.0,,,,,207,207
2020-06-06,6.0,1.0,,,,,136,136
2020-06-05,6.0,1.0,,,,,325,325
2020-06-04,6.0,1.0,,,,,251,251
2020-06-03,13.0,0.0,,,,,211,211
2020-06-02,3.0,1.0,,,,,179,179
2020-06-01,5.0,1.0,,,,,203,203
2020-05-31,6.0,0.0,,,,,154,154
2020-05-30,8.0,2.0,,,,,190,190
2020-05-29,11.0,1.0,,,,,251,251
2020-05-28,11.0,4.0,,,,,248,248
2020-05-27,12.0,1.0,,,,,173,173
2020-05-26,10.0,0.0,,,,,186,186
2020-05-25,12.0,2.0,,,,,203,203
2020-05-24,9.0,0.0,,,,,160,160
2020-05-23,15.0,2.0,,,,,171,171
2020-05-22,12.0,0.0,,,,,241,241
2020-05-21,23.0,1.0,,,,,284,284
2020-05-20,23.0,0.0,,,,,329,329
2020-05-19,22.0,3.0,,,,,229,229
2020-05-18,10.0,1.0,,,,,269,269
2020-05-17,8.0,0.0,,,,,302,302
2020-05-16,9.0,0.0,,,,,267,267
2020-05-15,6.0,2.0,,,,,266,266
2020-05-14,9.0,1.0,,,,,216,216
2020-05-13,12.0,3.0,,,,,194,194
2020-05-12,10.0,1.0,,,,,209,209
2020-05-11,11.0,1.0,,,,,216,216
2020-05-10,8.0,0.0,,,,,226,226
2020-05-09,16.0,1.0,,,,,170,170
2020-05-08,10.0,2.0,,,,,225,225
2020-05-07,9.0,0.0,,,,,131,131
2020-05-06,26.0,3.0,,,,,217,217
2020-05-05,14.0,2.0,,,,,202,202
2020-05-04,9.0,1.0,,,,,264,264
2020-05-03,15.0,4.0,,,,,195,195
2020-05-02,8.0,2.0,,,,,74,74
2020-05-01,10.0,2.0,,,,,151,151
2020-04-30,19.0,2.0,,,,,211,211
2020-04-29,17.0,2.0,,,,,245,245
2020-04-28,29.0,3.0,,,,,130,130
2020-04-27,22.0,1.0,,,,,97,97
2020-04-26,12.0,2.0,,,,,68,68
2020-04-25,14.0,3.0,,,,,61,61
2020-04-24,21.0,1.0,,,,,80,80
2020-04-23,23.0,4.0,,,,,87,87
2020-04-22,19.0,5.0,,,,,85,85
2020-04-21,24.0,1.0,,,,,82,82
2020-04-20,22.0,1.0,,,,,70,70
2020-04-19,29.0,1.0,,,,,70,70
2020-04-18,27.0,3.0,,,,,81,81
2020-04-17,20.0,2.0,,,,,75,75
2020-04-16,16.0,4.0,,,,,54,54
2020-04-15,13.0,2.0,,,,,49,49
2020-04-14,8.0,4.0,,,,,45,45
2020-04-13,15.0,2.0,,,,,54,54
2020-04-12,11.0,3.0,,,,,44,44
2020-04-11,15.0,3.0,,,,,52,52
2020-04-10,16.0,4.0,,,,,50,50
2020-04-09,11.0,4.0,,,,,38,38
2020-04-08,13.0,1.0,,,,,35,35
2020-04-07,10.0,2.0,,,,,41,41
2020-04-06,6.0,0.0,,,,,31,31
2020-04-05,3.0,1.0,,,,,16,16
2020-04-04,14.0,1.0,,,,,32,32
2020-04-03,8.0,0.0,,,,,31,31
2020-04-02,18.0,4.0,,,,,38,38
2020-04-01,5.0,1.0,,,,,25,25
2020-03-31,12.0,1.0,,,,,38,38
2020-03-30,6.0,1.0,,,,,22,22
2020-03-29,4.0,1.0,,,,,16,16
2020-03-28,5.0,,,,,,21,21
2020-03-27,2.0,,,,,,18,18
2020-03-26,4.0,,,,,,14,14
2020-03-25,1.0,,,,,,3,3
2020-03-24,1.0,,,,,,8,8
2020-03-23,1.0,,,,,,3,3
2020-03-22,0.0,,,,,,4,4
2020-03-21,1.0,,,,,,2,2
2020-03-20,1.0,,,,,,6,6
2020-03-19,0.0,,,,,,3,3
2020-03-18,0.0,,,,,,3,3
2020-03-17,2.0,,,,,,4,4
2020-03-16,1.0,,,,,,2,2
2020-03-15,0.0,,,,,,0,0
2020-03-14,1.0,,,,,,5,5
2020-03-13,0.0,,,,,,14,14
2020-03-12,1.0,,,,,,21,21
2020-03-11,0.0,,,,,,18,18
2020-03-10,1.0,,,,,,6,6
2020-03-09,,,,,,,4,4
2020-03-08,,,,,,,3,3
2020-03-07,,,,,,,0,0
2020-03-06,,,,,,,1,1
2020-03-05,,,,,,,3,3
2020-03-04,,,,,,,2,2
2020-03-03,,,,,,,0,0
2020-03-02,,,,,,,0,0
2020-03-01,,,,,,,1,1
2020-02-29,,,,,,,1,1
2020-02-28,,,,,,,1,1
2020-02-27,,,,,,,0,0
2020-02-26,,,,,,,0,0
2020-02-25,,,,,,,0,0
2020-02-24,,,,,,,0,0
2020-02-23,,,,,,,1,1
2020-02-22,,,,,,,0,0
2020-02-21,,,,,,,0,0
2020-02-20,,,,,,,0,0
2020-02-19,,,,,,,0,0
2020-02-18,,,,,,,0,0
2020-02-17,,,,,,,0,0
2020-02-16,,,,,,,0,0
2020-02-15,,,,,,,0,0
2020-02-14,,,,,,,1,1
2020-02-13,,,,,,,0,0
2020-02-12,,,,,,,1,1
2020-02-11,,,,,,,2,2
2020-02-10,,,,,,,0,0
2020-02-09,,,,,,,3,3
2020-02-08,,,,,,,0,0
2020-02-07,,,,,,,0,0
2020-02-06,,,,,,,0,0
2020-02-05,,,,,,,0,0
2020-02-04,,,,,,,1,1
